Reward,No cash trade,No stock trade,Net worth end game
0.2914161682128906,0,1,200.2914161682129
0.0,0,1,200.0
0.0,0,1,200.0
0.0,0,1,200.0
0.0,0,1,200.0
0.0,0,1,200.0
0.0,0,1,200.0
0.0,0,0,200.0
0.0,0,0,200.0
3.218219757080078,0,0,203.21821975708008
0.0,0,0,200.0
0.0,0,0,200.0
0.0,0,0,200.0
0.0,0,0,200.0
0.0,0,0,200.0
0.0,0,0,200.0
0.0,0,0,200.0
0.0,0,0,200.0
0.0,0,0,200.0
0.0,0,0,200.0
0.0,0,0,200.0
0.0,0,0,200.0
0.0,0,0,200.0
0.0,0,0,200.0
0.0,0,0,200.0
0.0,0,0,200.0
0.0,0,0,200.0
0.0,0,0,200.0
0.0,0,0,200.0
0.0,0,0,200.0
0.0,0,0,200.0
0.0,0,0,200.0
0.0,0,0,200.0
0.0,0,0,200.0
0.0,0,0,200.0
0.0,0,0,200.0
0.0,0,0,200.0
0.0,0,0,200.0
0.0,0,0,200.0
0.0,0,1,200.0
0.0,0,1,200.0
0.0,0,0,200.0
0.0,0,0,200.0
9.443733215332031,0,0,209.44373321533203
-6.889171600341797,0,1,193.1108283996582
0.0,0,1,200.0
0.0,0,1,200.0
1.9219779968261719,0,1,201.92197799682617
1.5958671569824219,0,1,201.59586715698242
-1.0960350036621094,0,1,198.9039649963379
-0.2724189758300781,0,1,199.72758102416992
0.0,0,1,200.0
0.0,0,1,200.0
0.0,0,1,200.0
0.0,0,1,200.0
0.0,0,1,200.0
0.0,0,1,200.0
0.0,0,1,200.0
0.0,0,1,200.0
0.0,0,1,200.0
0.0,0,1,200.0
0.0,0,1,200.0
0.0,0,1,200.0
0.0,0,1,200.0
0.0,0,1,200.0
0.24436187744140625,0,1,200.2443618774414
0.0,0,1,200.0
0.0,0,0,200.0
0.0,0,0,200.0
0.0,0,0,200.0
0.0,0,0,200.0
0.0,0,0,200.0
0.0,0,0,200.0
0.0,0,0,200.0
0.0,0,0,200.0
0.0,0,0,200.0
0.0,0,0,200.0
0.0,0,0,200.0
0.0,0,0,200.0
0.0,0,0,200.0
0.0,0,0,200.0
0.0,0,0,200.0
0.0,0,0,200.0
0.0,0,0,200.0
0.0,0,1,200.0
0.8336944580078125,0,1,200.8336944580078
0.0,0,1,200.0
2.629718780517578,0,1,202.62971878051758
5.701808929443359,0,0,205.70180892944336
0.0,0,1,200.0
0.0,0,1,200.0
-5.092903137207088,1,0,194.9070968627929
2.8725509643554688,0,1,202.87255096435547
1.1027565002441406,0,0,201.10275650024414
2.345256805419922,0,1,202.34525680541992
0.0,0,1,200.0
0.0,0,1,200.0
1.3391342163085938,0,1,201.3391342163086
-0.7456283569335938,0,1,199.2543716430664
0.159576416015625,0,1,200.15957641601562
